{"cov": {"0": [[0.06143810549471747, -0.024997782759187546, -0.024997782759187546, 0.08149974593360948], [0.026192707682993064, 0.005659091826380792, 0.005659091826380792, 0.02875591595870936], [0.025797239897600494, -0.020131241122760244, -0.020131241122760244, 0.04815116589858581]], "1": [[0.05131186699711383, -0.02637447968292407, -0.02637447968292407, 0.018832288774893624], [0.023110754433358034, -0.006975507686132002, -0.006975507686132002, 0.028368335922627563], [0.06106465465915251, -0.024677604606581298, -0.024677604606581298, 0.08128286576290854]], "2": [[0.02717033282664082, -0.008400412655371198, -0.008400412655371198, 0.04044196297889205], [0.0359680494938344, 0.015492720439464048, 0.015492720439464048, 0.019351843047296886], [0.036049434543354894, 0.014638833823181655, 0.014638833823181655, 0.016291486851490313]], "3": [[0.024381886843710305, -0.021699897797951593, -0.021699897797951593, 0.049810015629529095], [0.061423222870954385, -0.024976574437304135, -0.024976574437304135, 0.08148258768051708], [0.02578083297137432, 0.001698850863807, 0.001698850863807, 0.030868867904569372]], "4": [[0.0359680494938344, 0.015492720439464048, 0.015492720439464048, 0.019351843047296886], [0.036049434543354894, 0.014638833823181655, 0.014638833823181655, 0.016291486851490317], [0.02717033282664082, -0.008400412655371198, -0.008400412655371198, 0.04044196297889205]]}, "mu": {"0": [[-0.48046448373142014, 1.2204770421199713], [0.7360701898339924, 0.7242845614019909], [0.7840907619764339, 0.6364696508451673]], "1": [[0.7345454713555931, 0.38307936835124556], [0.7634333458262504, 0.7247014481610086], [-0.4810289597717845, 1.2209360315919815]], "2": [[0.7589603463932408, 0.6797694399017233], [-0.6394637166412948, 1.4746035002427047], [-0.32592059965446146, 0.9713359189258469]], "3": [[0.8094747560473972, 0.6047908316826152], [-0.48048922947131956, 1.2205071578887414], [0.7339987011267151, 0.7200192713524652]], "4": [[-0.6394637166412948, 1.4746035002427047], [-0.3259205996544615, 0.9713359189258469], [0.7589603463932408, 0.6797694399017233]]}}